time,equity
,5000.00
2022-01-05T09:45:00Z,5142.02
2022-01-06T08:30:00Z,5093.06
2022-01-07T10:55:00Z,5044.12
2022-01-11T08:05:00Z,5043.62
2022-01-13T20:50:00Z,4992.79
2022-01-14T16:30:00Z,4973.79
2022-01-18T08:10:00Z,4925.93
2022-01-18T15:10:00Z,4925.43
2022-01-20T08:50:00Z,4924.93
2022-01-24T09:00:00Z,4874.63
2022-01-24T14:45:00Z,5019.61
2022-01-25T15:30:00Z,5019.21
2022-01-26T20:10:00Z,5018.81
2022-01-28T11:25:00Z,5018.41
2022-01-31T16:40:00Z,5018.06
2022-02-03T13:50:00Z,5017.71
2022-02-04T16:30:00Z,5072.03
2022-02-07T19:30:00Z,5025.72
2022-02-08T15:00:00Z,4979.84
2022-02-10T13:35:00Z,4979.49
2022-02-11T09:35:00Z,4934.61
2022-02-14T12:45:00Z,4934.26
2022-02-21T11:35:00Z,4933.91
2022-02-22T18:55:00Z,4933.61
2022-02-23T15:05:00Z,4933.31
2022-02-24T10:25:00Z,4886.90
2022-03-01T17:10:00Z,5021.28
2022-03-02T09:55:00Z,4972.42
2022-03-03T16:00:00Z,4972.17
2022-03-04T16:30:00Z,5057.37
2022-03-07T11:50:00Z,5015.48
2022-03-08T15:10:00Z,5015.28
2022-03-10T12:55:00Z,5015.08
2022-03-11T11:25:00Z,4966.35
2022-03-14T09:45:00Z,4916.60
2022-03-15T07:40:00Z,4866.84
2022-03-15T15:40:00Z,4829.69
2022-03-16T18:15:00Z,4829.54
2022-03-29T07:25:00Z,4792.06
2022-03-31T11:25:00Z,4791.81
2022-04-21T07:20:00Z,4791.56
2022-04-21T19:00:00Z,4745.89
2022-04-22T15:30:00Z,4710.01
2022-04-25T18:55:00Z,4664.17
2022-04-28T06:20:00Z,4663.87
2022-04-28T14:05:00Z,4617.91
2022-04-29T15:30:00Z,4629.91
2022-05-02T08:00:00Z,4583.73
2022-05-02T08:15:00Z,4537.56
2022-05-03T07:55:00Z,4491.39
2022-05-04T15:00:00Z,4446.31
2022-05-06T15:30:00Z,4459.27
2022-05-13T09:25:00Z,4414.15
2022-05-16T17:25:00Z,4374.44
2022-05-18T16:00:00Z,4335.59
2022-05-20T06:05:00Z,4296.44
2022-05-20T10:35:00Z,4257.31
2022-05-25T18:35:00Z,4257.01
2022-05-27T14:15:00Z,4370.10
2022-05-31T07:40:00Z,4330.87
2022-06-01T14:35:00Z,4287.12
2022-06-07T13:15:00Z,4286.77
2022-06-09T19:10:00Z,4405.81
2022-06-10T15:30:00Z,4472.87
2022-06-13T08:25:00Z,4429.39
2022-06-15T14:10:00Z,4429.04
2022-06-21T07:40:00Z,4428.74
2022-06-22T06:05:00Z,4388.09
2022-06-22T14:25:00Z,4347.84
2022-06-23T10:55:00Z,4308.07
2022-06-24T15:30:00Z,4379.41
2022-06-28T17:15:00Z,4338.01
2022-06-30T06:05:00Z,4297.00
2022-07-01T13:50:00Z,4257.01
2022-07-07T06:05:00Z,4256.71
2022-07-11T06:10:00Z,4215.67
2022-07-13T12:35:00Z,4215.37
2022-07-15T08:55:00Z,4215.07
2022-07-18T08:55:00Z,4175.37
2022-07-25T11:30:00Z,4289.27
2022-07-27T18:45:00Z,4251.35
2022-07-28T16:05:00Z,4208.00
2022-07-29T15:30:00Z,4223.00
2022-08-02T07:10:00Z,4185.33
2022-08-03T13:35:00Z,4148.49
2022-08-05T08:45:00Z,4148.14
2022-08-05T15:30:00Z,4158.92
2022-08-10T07:10:00Z,4119.05
2022-08-10T12:35:00Z,4081.67
2022-08-12T18:35:00Z,4044.62
2022-08-17T06:05:00Z,4004.19
2022-08-22T06:10:00Z,4115.78
2022-08-25T06:50:00Z,4115.38
2022-08-26T09:25:00Z,4076.88
2022-08-29T09:45:00Z,4035.19
2022-08-30T14:35:00Z,3998.72
2022-09-01T06:10:00Z,4107.11
2022-09-02T12:35:00Z,4068.67
2022-09-07T06:05:00Z,4068.32
2022-09-08T13:00:00Z,4067.97
2022-09-09T15:30:00Z,4120.05
2022-09-12T08:35:00Z,4079.45
2022-09-13T12:35:00Z,4038.54
2022-09-15T13:20:00Z,4001.41
2022-09-16T15:30:00Z,4011.25
2022-09-19T14:40:00Z,3970.18
2022-09-20T08:10:00Z,3934.79
2022-09-23T15:30:00Z,4005.83
2022-09-27T09:35:00Z,4005.53
2022-09-28T10:45:00Z,3966.66
2022-09-30T06:55:00Z,3966.36
2022-09-30T15:30:00Z,3983.76
2022-10-03T12:55:00Z,3943.64
2022-10-07T12:55:00Z,3943.39
2022-10-13T12:35:00Z,3908.08
2022-10-21T12:20:00Z,3907.83
2022-10-28T16:40:00Z,4008.31
2022-11-01T07:15:00Z,3969.01
2022-11-02T12:45:00Z,3930.93
2022-11-04T13:15:00Z,4043.69
2022-11-07T09:05:00Z,4003.82
2022-11-11T07:20:00Z,4119.89
2022-11-11T16:30:00Z,4130.45
2022-11-15T13:35:00Z,4093.42
2022-11-16T14:50:00Z,4056.33
2022-11-18T09:10:00Z,4020.39
2022-11-18T16:30:00Z,4033.59
2022-12-07T12:25:00Z,4033.24
2022-12-13T12:00:00Z,3994.03
2022-12-15T13:55:00Z,4107.86
2022-12-16T16:30:00Z,4146.58
2022-12-20T07:05:00Z,4107.50
2022-12-20T11:05:00Z,4069.30
2022-12-22T18:05:00Z,4068.90
2022-12-23T16:30:00Z,4070.18
2022-12-28T15:30:00Z,4030.75
2022-12-29T11:10:00Z,3992.37
2022-12-30T16:30:00Z,4041.01
2023-01-03T09:30:00Z,4153.13
2023-01-06T13:50:00Z,4272.01
2023-01-09T15:05:00Z,4229.31
2023-01-11T09:05:00Z,4187.82
2023-01-17T14:25:00Z,4303.87
2023-01-19T07:25:00Z,4262.38
2023-01-20T16:30:00Z,4255.72
2023-01-30T11:35:00Z,4255.27
2023-01-31T09:20:00Z,4214.27
2023-02-01T15:55:00Z,4172.59
2023-02-02T11:55:00Z,4130.29
2023-02-03T14:40:00Z,4091.20
2023-02-06T09:15:00Z,4050.66
2023-02-07T20:55:00Z,4010.12
2023-02-09T07:05:00Z,4009.67
2023-02-10T09:50:00Z,3968.33
2023-02-10T16:30:00Z,3981.29
2023-02-15T09:35:00Z,4088.90
2023-02-17T08:05:00Z,4050.50
2023-02-17T15:15:00Z,4012.90
2023-02-23T20:30:00Z,4012.50
2023-02-24T10:45:00Z,3975.27
2023-02-28T08:00:00Z,3974.87
2023-02-28T12:15:00Z,3934.77
2023-03-01T16:10:00Z,3895.59
2023-03-02T11:10:00Z,3856.22
2023-03-03T16:30:00Z,3878.76
2023-03-07T09:40:00Z,3839.91
2023-03-07T15:05:00Z,3801.05
2023-03-09T09:40:00Z,3762.61
2023-03-09T14:50:00Z,3725.36
2023-03-10T09:35:00Z,3687.74
2023-03-13T09:25:00Z,3785.20
2023-03-13T11:05:00Z,3746.50
2023-03-15T09:25:00Z,3746.15
2023-03-16T14:55:00Z,3745.85
2023-03-17T16:30:00Z,3814.85
2023-03-20T08:15:00Z,3780.30
2023-03-20T08:35:00Z,3745.76
2023-03-23T18:45:00Z,3708.81
2023-03-24T16:30:00Z,3746.21
2023-03-27T07:50:00Z,3710.13
2023-03-27T18:40:00Z,3674.05
2023-03-28T10:45:00Z,3638.90
2023-03-31T14:50:00Z,3739.37
2023-04-17T07:10:00Z,3834.44
2023-04-25T06:25:00Z,3834.09
2023-04-27T18:50:00Z,3833.69
2023-04-28T14:30:00Z,3833.29
2023-05-02T08:05:00Z,3795.19
2023-05-05T12:50:00Z,3794.84
2023-05-11T07:40:00Z,3794.49
2023-05-11T11:25:00Z,3760.12
2023-05-12T15:30:00Z,3738.28
2023-05-16T07:05:00Z,3704.45
2023-05-17T17:30:00Z,3666.92
2023-05-23T07:15:00Z,3666.52
2023-05-24T06:05:00Z,3770.90
2023-05-26T13:35:00Z,3770.45
2023-05-29T11:05:00Z,3734.38
2023-05-31T07:05:00Z,3835.60
2023-05-31T08:20:00Z,3799.77
2023-06-01T12:40:00Z,3762.79
2023-06-02T15:30:00Z,3832.23
2023-06-12T07:05:00Z,3831.83
2023-06-13T09:25:00Z,3831.43
2023-06-14T18:05:00Z,3830.98
2023-06-16T15:30:00Z,3873.64
2023-06-22T06:05:00Z,3986.40
2023-06-26T11:25:00Z,3985.90
2023-06-27T17:50:00Z,3947.27
2023-06-30T12:35:00Z,4058.31
2023-07-05T06:05:00Z,4017.91
2023-07-06T13:40:00Z,4128.95
2023-07-07T10:25:00Z,4088.56
2023-07-11T12:00:00Z,4205.54
2023-07-12T12:35:00Z,4163.70
2023-07-13T10:50:00Z,4120.79
2023-07-14T15:30:00Z,4119.35
2023-07-19T06:15:00Z,4078.12
2023-07-19T12:25:00Z,4037.61
2023-07-21T15:30:00Z,4065.15
2023-07-24T15:25:00Z,4025.82
2023-07-26T10:10:00Z,4134.61
2023-07-27T07:55:00Z,4094.91
2023-07-27T19:40:00Z,4094.46
2023-07-28T15:05:00Z,4052.62
2023-07-31T09:05:00Z,4011.03
2023-08-02T06:05:00Z,4127.44
2023-08-02T07:25:00Z,4086.28
2023-08-02T10:40:00Z,4045.12
2023-08-04T08:10:00Z,4007.44
2023-08-08T09:30:00Z,3969.54
2023-08-09T13:00:00Z,3931.15
2023-08-10T18:00:00Z,3930.75
2023-08-11T15:30:00Z,3950.75
2023-08-15T07:50:00Z,3911.95
2023-08-16T07:50:00Z,3911.55
2023-08-17T15:25:00Z,3872.31
2023-08-18T15:30:00Z,3853.59
2023-08-24T07:05:00Z,3967.17
2023-08-24T09:00:00Z,3928.72
2023-08-25T15:00:00Z,3928.32
2023-08-31T16:25:00Z,3927.97
2023-09-01T09:35:00Z,3888.44
2023-09-04T14:30:00Z,3850.11
2023-09-05T11:35:00Z,3811.85
2023-09-07T08:50:00Z,3811.45
2023-09-07T14:35:00Z,3773.38
2023-09-08T12:30:00Z,3772.98
2023-09-13T06:05:00Z,3734.66
2023-09-13T10:30:00Z,3697.50
2023-09-14T10:50:00Z,3660.75
2023-09-15T15:30:00Z,3649.13
2023-09-20T13:40:00Z,3648.78
2023-09-25T12:25:00Z,3746.95
2023-09-28T15:10:00Z,3712.21
2023-09-29T15:30:00Z,3701.99
2023-10-02T09:50:00Z,3667.39
2023-10-03T14:20:00Z,3630.89
2023-10-04T08:45:00Z,3594.59
2023-10-06T10:10:00Z,3558.23
2023-10-10T06:05:00Z,3522.38
2023-10-11T07:00:00Z,3522.03
2023-10-11T11:10:00Z,3490.61
2023-10-13T15:05:00Z,3580.19
2023-10-16T07:50:00Z,3547.93
2023-10-16T14:20:00Z,3515.66
2023-10-17T12:50:00Z,3483.67
2023-10-20T06:05:00Z,3575.09
2023-10-20T08:45:00Z,3538.30
2023-10-24T09:25:00Z,3502.54
2023-10-25T11:20:00Z,3467.18
2023-10-26T12:35:00Z,3432.04
2023-10-27T09:10:00Z,3396.99
2023-11-02T07:25:00Z,3487.82
2023-11-06T18:20:00Z,3487.47
2023-11-08T08:05:00Z,3452.55
2023-11-08T11:35:00Z,3418.76
2023-11-10T09:05:00Z,3418.41
2023-11-15T08:55:00Z,3518.11
2023-11-17T10:15:00Z,3484.68
2023-11-21T13:15:00Z,3453.03
2023-11-28T07:15:00Z,3452.63
2023-11-29T08:20:00Z,3419.93
2023-12-05T14:35:00Z,3511.05
2023-12-06T12:10:00Z,3479.31
2023-12-08T15:10:00Z,3569.35
2023-12-14T08:35:00Z,3654.63
2023-12-14T10:35:00Z,3623.93
2023-12-15T16:30:00Z,3621.23
2023-12-19T20:35:00Z,3589.40
2023-12-20T09:05:00Z,3559.13
2023-12-20T13:30:00Z,3528.85
2023-12-27T08:10:00Z,3528.40
2023-12-27T08:30:00Z,3498.21
2024-01-02T08:05:00Z,3497.76
2024-01-02T09:40:00Z,3468.62
2024-01-03T14:10:00Z,3557.26
2024-01-05T08:05:00Z,3523.40
2024-01-05T15:05:00Z,3490.26
2024-01-08T10:20:00Z,3456.51
2024-01-10T09:25:00Z,3456.06
2024-01-12T08:25:00Z,3455.61
2024-01-12T11:55:00Z,3420.32
2024-01-17T07:05:00Z,3520.73
2024-01-18T07:05:00Z,3485.26
2024-01-24T12:05:00Z,3588.41
2024-01-26T16:30:00Z,3646.89
2024-01-31T20:05:00Z,3646.49
2024-02-02T08:55:00Z,3612.29
2024-02-02T16:30:00Z,3583.41
2024-02-05T15:20:00Z,3546.19
2024-02-06T10:05:00Z,3509.58
2024-02-08T13:45:00Z,3473.62
2024-02-13T12:55:00Z,3438.82
2024-02-15T08:15:00Z,3539.12
2024-02-19T08:05:00Z,3538.67
2024-02-20T08:10:00Z,3503.10
2024-02-22T08:05:00Z,3602.05
2024-03-07T13:25:00Z,3698.15
2024-03-08T13:45:00Z,3665.02
2024-03-12T12:35:00Z,3664.57
2024-03-13T10:30:00Z,3630.95
2024-03-14T14:25:00Z,3630.55
2024-03-15T16:30:00Z,3635.03
2024-03-19T16:35:00Z,3605.14
2024-03-25T10:10:00Z,3691.82
2024-03-26T16:45:00Z,3657.82
2024-03-27T12:10:00Z,3627.93
2024-04-02T10:15:00Z,3598.31
2024-04-04T08:15:00Z,3567.76
2024-04-04T11:45:00Z,3537.21
2024-04-05T15:30:00Z,3516.41
2024-04-09T07:00:00Z,3516.01
2024-04-10T06:05:00Z,3515.61
2024-04-11T07:20:00Z,3515.21
2024-04-11T10:10:00Z,3481.05
2024-04-12T12:45:00Z,3445.68
2024-04-15T14:40:00Z,3445.33
2024-04-17T16:45:00Z,3444.98
2024-04-19T06:05:00Z,3410.29
2024-04-22T18:20:00Z,3379.77
2024-04-24T15:10:00Z,3379.47
2024-04-26T06:05:00Z,3379.12
2024-04-26T14:30:00Z,3348.67
2024-04-30T19:55:00Z,3436.30
2024-05-03T12:35:00Z,3405.62
2024-05-08T07:20:00Z,3506.23
2024-05-21T09:35:00Z,3505.88
2024-05-23T07:25:00Z,3505.48
2024-05-23T17:40:00Z,3471.84
2024-05-24T15:30:00Z,3498.08
2024-05-28T12:50:00Z,3464.32
2024-05-31T19:50:00Z,3463.92
2024-06-03T07:35:00Z,3428.40
2024-06-05T11:55:00Z,3428.00
2024-06-07T15:30:00Z,3447.04
2024-06-11T09:05:00Z,3412.60
2024-06-14T06:55:00Z,3500.82
2024-06-14T10:05:00Z,3593.69
2024-06-20T14:50:00Z,3557.95
2024-06-21T15:30:00Z,3562.57
2024-06-25T06:15:00Z,3562.27
2024-06-27T15:10:00Z,3656.85
2024-06-28T15:30:00Z,3687.51
2024-07-03T06:05:00Z,3651.01
2024-07-03T09:55:00Z,3614.79
2024-07-08T06:05:00Z,3578.78
2024-07-08T14:30:00Z,3578.48
2024-07-10T09:30:00Z,3578.18
2024-07-11T12:35:00Z,3542.40
2024-07-12T15:30:00Z,3584.52
2024-07-15T09:25:00Z,3549.59
2024-07-18T12:15:00Z,3514.76
2024-07-19T15:30:00Z,3531.86
2024-07-23T15:50:00Z,3499.15
2024-07-26T08:30:00Z,3498.85
2024-07-26T15:30:00Z,3511.93
2024-07-31T06:05:00Z,3511.63
2024-08-02T06:15:00Z,3609.23
2024-08-02T12:35:00Z,3573.58
2024-08-05T07:50:00Z,3537.36
2024-08-07T18:10:00Z,3537.11
2024-08-08T14:50:00Z,3504.24
2024-08-09T09:00:00Z,3471.70
2024-08-12T13:45:00Z,3439.93
2024-08-13T19:50:00Z,3409.35
2024-08-15T12:50:00Z,3374.80
2024-08-16T15:30:00Z,3372.20
2024-08-22T18:00:00Z,3371.90
2024-08-23T15:30:00Z,3387.98
2024-09-02T07:25:00Z,3387.68
2024-09-02T12:35:00Z,3355.57
2024-09-03T10:15:00Z,3323.52
2024-09-05T06:50:00Z,3290.18
2024-09-06T13:35:00Z,3289.83
2024-09-10T16:05:00Z,3289.48
2024-09-11T14:15:00Z,3255.64
2024-09-12T17:55:00Z,3255.34
2024-09-13T15:30:00Z,3258.82
2024-09-19T15:35:00Z,3343.24
2024-09-20T15:30:00Z,3393.52
2024-09-24T06:05:00Z,3362.72
2024-09-25T06:10:00Z,3332.46
2024-09-26T13:40:00Z,3420.40
2024-09-27T15:30:00Z,3436.96
2024-10-01T07:25:00Z,3527.35
2024-10-01T11:10:00Z,3494.80
2024-10-03T06:05:00Z,3462.62
2024-10-04T12:35:00Z,3462.32
2024-10-08T11:40:00Z,3462.02
2024-10-09T15:15:00Z,3430.95
2024-10-11T18:00:00Z,3400.55
2024-10-14T13:50:00Z,3366.14
2024-10-15T15:50:00Z,3464.14
2024-10-17T13:25:00Z,3555.65
2024-10-18T15:30:00Z,3572.33
2024-10-21T10:40:00Z,3539.53
2024-10-24T08:35:00Z,3507.02
2024-10-24T14:55:00Z,3475.17
2024-10-25T15:30:00Z,3458.25
2024-10-28T11:05:00Z,3427.54
2024-10-30T08:10:00Z,3517.00
2024-10-30T14:30:00Z,3516.70
2024-11-01T08:05:00Z,3516.40
2024-11-01T16:30:00Z,3538.60
2024-11-05T15:50:00Z,3506.64
2024-11-06T11:50:00Z,3475.16
2024-11-08T16:30:00Z,3526.94
2024-11-12T07:30:00Z,3491.97
2024-11-12T14:45:00Z,3457.14
2024-11-13T14:55:00Z,3426.44
2024-11-19T09:30:00Z,3396.01
2024-11-19T16:40:00Z,3361.48
2024-11-22T07:15:00Z,3332.08
2024-11-22T09:15:00Z,3302.77
2024-11-22T15:00:00Z,3273.47
2024-11-25T10:30:00Z,3244.33
2024-11-28T08:30:00Z,3215.59
2024-12-02T07:05:00Z,3187.22
2024-12-04T14:30:00Z,3266.96
2024-12-09T07:45:00Z,3348.34
2024-12-11T17:45:00Z,3348.04
2024-12-13T07:05:00Z,3315.00
2024-12-13T16:30:00Z,3301.26
2024-12-16T10:25:00Z,3270.12
2024-12-18T20:15:00Z,3239.66
2024-12-20T07:10:00Z,3208.81
2024-12-20T15:35:00Z,3178.56
2024-12-24T07:15:00Z,3147.66
2024-12-27T16:35:00Z,3117.28
2024-12-30T15:25:00Z,3088.06
2025-01-02T09:40:00Z,3087.76
2025-01-02T14:30:00Z,3058.54
2025-01-03T16:30:00Z,3102.94
2025-01-08T11:35:00Z,3076.20
2025-01-10T15:10:00Z,3075.95
2025-01-13T18:20:00Z,3049.28
2025-01-15T13:35:00Z,3023.00
2025-01-20T08:15:00Z,3098.75
2025-01-20T17:30:00Z,3071.30
2025-01-23T16:50:00Z,3149.22
2025-01-24T15:05:00Z,3117.46
2025-01-30T13:20:00Z,3085.50
2025-01-31T16:30:00Z,3065.16
2025-02-04T08:50:00Z,3064.86
2025-02-04T09:55:00Z,3037.90
2025-02-12T08:10:00Z,3116.37
2025-02-12T13:35:00Z,3086.82
2025-02-13T11:00:00Z,3056.43
2025-02-14T16:30:00Z,3061.59
2025-02-18T14:55:00Z,3031.19
2025-02-24T20:55:00Z,3113.07
2025-02-26T18:30:00Z,3112.77
2025-02-28T15:05:00Z,3112.47
2025-03-03T08:30:00Z,3083.15
2025-03-03T09:35:00Z,3053.82
2025-03-04T17:25:00Z,3053.52
2025-03-05T08:45:00Z,3025.61
2025-03-05T09:50:00Z,2997.69
2025-03-06T16:05:00Z,2997.44
2025-03-07T15:50:00Z,2997.19
2025-03-11T14:25:00Z,3084.74
2025-03-13T10:05:00Z,3057.84
2025-03-14T08:35:00Z,3030.89
2025-03-14T16:30:00Z,3048.69
2025-03-21T08:25:00Z,3048.49
2025-03-21T16:30:00Z,3044.13
2025-03-25T08:50:00Z,3043.93
2025-03-27T08:15:00Z,3134.37
2025-03-27T10:00:00Z,3102.67
2025-03-28T14:10:00Z,3071.48
2025-03-31T18:15:00Z,3071.23
2025-04-03T10:55:00Z,3159.09
2025-04-04T10:20:00Z,3235.32
2025-04-07T07:20:00Z,3205.53
2025-04-08T11:50:00Z,3178.89
2025-04-09T11:05:00Z,3150.08
2025-04-15T08:45:00Z,3149.98
2025-04-28T13:10:00Z,3219.86
2025-05-12T09:45:00Z,3306.51
2025-05-21T17:30:00Z,3306.31
2025-05-22T09:50:00Z,3274.93
2025-05-23T11:15:00Z,3243.87
2025-05-29T15:50:00Z,3216.60
2025-05-30T15:30:00Z,3217.40
2025-06-02T07:30:00Z,3184.75
2025-06-02T14:50:00Z,3152.11
2025-06-04T08:00:00Z,3125.82
2025-06-05T19:20:00Z,3099.68
2025-06-06T15:30:00Z,3101.23
2025-06-11T18:20:00Z,3071.98
2025-06-12T08:05:00Z,3042.60
2025-06-12T12:35:00Z,3013.22
2025-06-13T15:30:00Z,3007.52
2025-06-16T18:50:00Z,3007.22
2025-06-23T06:25:00Z,3094.28
2025-06-23T11:50:00Z,3065.76
2025-06-24T07:35:00Z,3037.12
2025-06-27T07:10:00Z,3036.82
2025-06-27T15:30:00Z,3072.82
2025-07-02T06:05:00Z,3072.52
2025-07-03T18:15:00Z,3072.22
2025-07-04T15:30:00Z,3067.90
2025-07-09T08:20:00Z,3146.88
2025-07-11T08:50:00Z,3146.53
2025-07-15T14:35:00Z,3146.23
2025-07-16T11:25:00Z,3113.84
2025-07-18T16:30:00Z,3113.49
2025-07-21T10:05:00Z,3082.01
2025-07-23T06:05:00Z,3051.27
2025-07-23T08:45:00Z,3021.30
2025-07-25T19:15:00Z,3021.00
2025-07-29T10:40:00Z,3020.70
2025-07-31T13:15:00Z,2993.77
2025-08-01T15:30:00Z,3054.02
2025-08-07T08:30:00Z,3024.45
2025-08-11T14:35:00Z,3024.20
2025-08-14T16:00:00Z,3101.01
2025-08-15T15:30:00Z,3086.55
2025-08-19T09:20:00Z,3057.10
2025-08-20T11:05:00Z,3027.71
2025-08-25T19:15:00Z,3110.90
2025-08-26T12:35:00Z,3081.34
2025-08-28T11:20:00Z,3081.04
2025-08-29T15:30:00Z,3095.32
2025-09-02T07:50:00Z,3066.55
2025-09-04T06:05:00Z,3037.78
2025-09-05T06:05:00Z,3009.45
2025-09-05T15:30:00Z,3040.41
2025-09-10T08:55:00Z,3040.11
2025-09-12T08:15:00Z,3039.81
2025-09-12T13:20:00Z,3012.24
2025-09-15T14:05:00Z,3011.94
2025-09-18T08:40:00Z,3011.64
2025-09-19T10:05:00Z,3011.34
2025-09-23T07:15:00Z,2982.98
2025-09-24T11:25:00Z,2955.01
2025-09-26T07:05:00Z,2927.81
2025-09-26T15:30:00Z,2940.11
2025-09-30T15:10:00Z,2939.81
2025-10-01T09:25:00Z,2909.67
2025-10-06T07:05:00Z,2909.37
2025-10-08T07:55:00Z,2909.07
2025-10-09T15:40:00Z,2880.34
2025-10-10T12:45:00Z,2851.73
2025-10-13T13:20:00Z,2825.65
2025-10-14T14:00:00Z,2799.16
2025-10-15T17:10:00Z,2776.07
2025-10-16T09:45:00Z,2752.98
2025-10-17T11:10:00Z,2729.00
2025-10-20T08:50:00Z,2704.54
2025-10-21T07:55:00Z,2680.07
2025-10-24T06:05:00Z,2656.74
2025-10-24T15:30:00Z,2669.14
2025-11-04T07:05:00Z,2732.98
2025-11-04T13:55:00Z,2708.80
2025-11-06T08:00:00Z,2708.55
2025-11-07T20:00:00Z,2708.30
2025-11-10T18:35:00Z,2682.14
2025-11-12T12:10:00Z,2756.98
2025-11-13T15:35:00Z,2730.79
2025-11-14T16:30:00Z,2738.19
2025-11-17T13:45:00Z,2710.91
2025-11-20T07:05:00Z,2688.15
2025-11-20T11:25:00Z,2665.66
2025-11-21T16:30:00Z,2685.10
2025-11-25T12:45:00Z,2684.90
2025-11-28T07:10:00Z,2660.44
2025-11-28T16:30:00Z,2651.08
2025-12-01T12:10:00Z,2629.01
2025-12-08T07:05:00Z,2628.81
2025-12-11T14:25:00Z,2628.56
2025-12-12T08:35:00Z,2605.48
2025-12-12T16:00:00Z,2582.40
2025-12-15T17:55:00Z,2582.15
2025-12-22T13:35:00Z,2581.90
2025-12-30T12:40:00Z,2556.47
2026-01-02T08:25:00Z,2531.97
2026-01-02T10:05:00Z,2531.67
2026-01-06T14:50:00Z,2531.37
2026-01-08T15:15:00Z,2531.12
2026-01-09T16:30:00Z,2570.90
2026-01-14T08:05:00Z,2544.44
2026-01-14T15:15:00Z,2518.64
2026-01-19T07:05:00Z,2591.91
2026-01-19T14:40:00Z,2591.61
2026-01-21T07:15:00Z,2568.51
2026-01-23T07:10:00Z,2543.61
2026-01-23T16:30:00Z,2542.56
2026-01-29T08:00:00Z,2542.31
2026-01-29T10:05:00Z,2519.57
2026-02-02T21:00:00Z,2584.66
2026-02-04T07:30:00Z,2584.41
2026-02-05T13:55:00Z,2584.16
2026-02-06T14:35:00Z,2558.18
2026-02-09T19:35:00Z,2536.94
2026-02-11T13:35:00Z,2511.66
2026-02-13T09:50:00Z,2490.44
2026-02-17T16:20:00Z,2469.84
2026-02-20T18:55:00Z,2542.51
2026-02-24T15:25:00Z,2517.27
2026-02-27T14:45:00Z,2517.02
2026-03-03T15:25:00Z,2591.96
2026-03-05T09:10:00Z,2567.95
2026-03-05T13:25:00Z,2543.94
2026-03-06T16:30:00Z,2578.66
2026-03-09T19:40:00Z,2636.72
2026-03-12T14:25:00Z,2615.32
2026-03-13T11:10:00Z,2594.06
2026-03-16T15:40:00Z,2572.69
2026-03-18T19:25:00Z,2572.54
2026-03-19T15:10:00Z,2572.39
2026-03-20T09:50:00Z,2551.27
2026-03-24T20:25:00Z,2525.88
2026-03-26T09:35:00Z,2500.28
2026-03-26T14:45:00Z,2475.38
2026-03-27T16:30:00Z,2492.57
2026-03-30T19:15:00Z,2492.42
2026-03-31T11:15:00Z,2468.28
2026-04-01T09:25:00Z,2443.68
2026-04-07T15:15:00Z,2443.53
2026-04-14T12:35:00Z,2419.44
2026-04-17T12:55:00Z,2402.12
2026-04-21T15:05:00Z,2385.37
2026-04-22T14:45:00Z,2368.72
2026-04-23T17:45:00Z,2352.29
2026-04-24T15:30:00Z,2346.49
2026-04-28T12:30:00Z,2330.39
2026-04-30T12:20:00Z,2330.24
2026-05-06T06:05:00Z,2330.09
2026-05-07T16:20:00Z,2329.94
2026-05-14T06:05:00Z,2329.84
2026-05-19T07:30:00Z,2329.69
2026-05-20T06:05:00Z,2306.88
2026-05-25T07:05:00Z,2372.47
2026-05-26T08:10:00Z,2372.32
2026-06-01T13:25:00Z,2350.12
2026-06-03T16:45:00Z,2329.41
2026-06-05T18:50:00Z,2329.26
2026-06-09T16:45:00Z,2329.11
2026-06-11T07:35:00Z,2328.96
2026-06-15T06:05:00Z,2389.37
2026-06-15T09:25:00Z,2368.41
2026-06-22T07:10:00Z,2368.26
2026-06-25T08:35:00Z,2368.11
2026-06-30T20:00:00Z,2351.63
